"Time (s)","Latitude (°)","Longitude (°)","Height (m)","Velocity (m/s)","Direction (°)","Horizontal Accuracy (m)","Vertical Accuracy (m)"
0.000000000E0,-1.193201000E1,-7.707742667E1,9.467505705E1,0.000000000E0,1.012600021E2,1.189999962E1,0.000000000E0
1.007100693E0,-1.193187833E1,-7.707741000E1,9.467424662E1,5.574441552E-1,2.732200012E2,9.000000000E0,0.000000000E0
2.005189924E0,-1.193193167E1,-7.707739667E1,9.497435152E1,1.266216636E-1,3.035299988E2,6.800000191E0,0.000000000E0
3.309933001E0,-1.193196667E1,-7.707740167E1,9.527457328E1,1.652258337E-1,4.215999985E1,5.800000191E0,0.000000000E0
4.316345847E0,-1.193199000E1,-7.707742167E1,9.497490650E1,1.075769439E-1,2.037100067E2,5.099999905E0,0.000000000E0
5.309261078E0,-1.193200833E1,-7.707743000E1,9.487508622E1,0.000000000E0,1.336300049E2,4.599999905E0,0.000000000E0
6.309514385E0,-1.193201833E1,-7.707743667E1,9.477520784E1,0.000000000E0,2.123600006E2,4.300000191E0,0.000000000E0
7.304247924E0,-1.193202167E1,-7.707743500E1,9.477520512E1,0.000000000E0,1.405599976E2,4.000000000E0,0.000000000E0
8.307929539E0,-1.193202167E1,-7.707743500E1,9.477520512E1,0.000000000E0,1.405599976E2,3.799999952E0,0.000000000E0
9.310696385E0,-1.193202167E1,-7.707743500E1,9.477520512E1,0.000000000E0,1.405599976E2,3.700000048E0,0.000000000E0
1.031295877E1,-1.193202167E1,-7.707743500E1,9.477520512E1,0.000000000E0,1.405599976E2,3.599999905E0,0.000000000E0
1.130920877E1,-1.193202167E1,-7.707743500E1,9.477520512E1,0.000000000E0,1.405599976E2,3.500000000E0,0.000000000E0
1.231486269E1,-1.193202167E1,-7.707743500E1,9.477520512E1,0.000000000E0,1.405599976E2,3.500000000E0,0.000000000E0
1.331645392E1,-1.193202167E1,-7.707743500E1,9.477520512E1,0.000000000E0,1.405599976E2,3.400000095E0,0.000000000E0
1.430925308E1,-1.193202167E1,-7.707743500E1,9.477520512E1,0.000000000E0,1.405599976E2,3.299999952E0,0.000000000E0
1.531323669E1,-1.193202167E1,-7.707743500E1,9.477520512E1,0.000000000E0,1.405599976E2,3.299999952E0,0.000000000E0
1.631447016E1,-1.193202167E1,-7.707743500E1,9.477520512E1,0.000000000E0,1.405599976E2,3.299999952E0,0.000000000E0
1.730937023E1,-1.193202167E1,-7.707743500E1,9.477520512E1,0.000000000E0,1.405599976E2,3.200000048E0,0.000000000E0
1.831213423E1,-1.193202167E1,-7.707743500E1,9.477520512E1,0.000000000E0,1.405599976E2,3.200000048E0,0.000000000E0
1.930946823E1,-1.193202167E1,-7.707743500E1,9.477520512E1,0.000000000E0,1.405599976E2,3.200000048E0,0.000000000E0
2.030925039E1,-1.193202167E1,-7.707743500E1,9.477520512E1,0.000000000E0,1.405599976E2,3.200000048E0,0.000000000E0
2.131512346E1,-1.193202167E1,-7.707743500E1,9.477520512E1,0.000000000E0,1.405599976E2,3.200000048E0,0.000000000E0
2.230964692E1,-1.193202167E1,-7.707743500E1,9.477520512E1,0.000000000E0,1.405599976E2,3.099999905E0,0.000000000E0
2.330973231E1,-1.193202167E1,-7.707743500E1,9.477520512E1,0.000000000E0,1.405599976E2,3.099999905E0,0.000000000E0
2.431899462E1,-1.193204167E1,-7.707744000E1,9.467535568E1,5.764889121E-1,1.756600037E2,3.099999905E0,0.000000000E0
2.531187816E1,-1.193204833E1,-7.707744000E1,9.467538733E1,5.919305682E-1,1.721699982E2,3.099999905E0,0.000000000E0
2.631296954E1,-1.193205667E1,-7.707743667E1,9.467538982E1,7.751716375E-1,1.707299957E2,3.099999905E0,0.000000000E0
2.731145985E1,-1.193206333E1,-7.707743167E1,9.467536586E1,7.149491906E-1,1.637200012E2,3.099999905E0,0.000000000E0
2.830915831E1,-1.193207000E1,-7.707743500E1,9.467543458E1,7.087724805E-1,1.707599945E2,3.099999905E0,0.000000000E0
2.931236600E1,-1.193207500E1,-7.707743667E1,9.467547685E1,6.681094170E-1,1.674900055E2,3.000000000E0,0.000000000E0
3.031232446E1,-1.193208500E1,-7.707743833E1,9.467554286E1,8.698805571E-1,1.711300049E2,3.000000000E0,0.000000000E0
3.130943962E1,-1.193209000E1,-7.707743833E1,9.467556660E1,8.297322392E-1,1.709499969E2,3.000000000E0,0.000000000E0
3.231003200E1,-1.193209667E1,-7.707743667E1,9.467557971E1,8.420855403E-1,1.626300049E2,2.900000095E0,0.000000000E0
3.331156885E1,-1.193210500E1,-7.707743667E1,9.467561927E1,9.012786150E-1,1.658899994E2,2.900000095E0,0.000000000E0
3.430879946E1,-1.193211167E1,-7.707742833E1,9.467555824E1,9.151760936E-1,1.572100067E2,2.900000095E0,0.000000000E0
3.531648870E1,-1.193212167E1,-7.707742667E1,9.467558718E1,9.651041627E-1,1.583999939E2,2.900000095E0,0.000000000E0
3.631647623E1,-1.193213167E1,-7.707742167E1,9.467557904E1,1.075769424E0,1.566100006E2,2.900000095E0,0.000000000E0
3.731680393E1,-1.193213833E1,-7.707742000E1,9.467559215E1,9.403975010E-1,1.589400024E2,2.799999952E0,0.000000000E0
3.830987523E1,-1.193214500E1,-7.707741667E1,9.467558673E1,9.105436206E-1,1.565800018E2,2.799999952E0,0.000000000E0
3.931166231E1,-1.193215167E1,-7.707741500E1,9.467559984E1,9.146614075E-1,1.586499939E2,2.799999952E0,0.000000000E0
4.032521054E1,-1.193215833E1,-7.707741333E1,9.467561295E1,8.534094691E-1,1.593800049E2,2.799999952E0,0.000000000E0
4.131006546E1,-1.193216667E1,-7.707741167E1,9.457563398E1,8.997344375E-1,1.623899994E2,2.799999952E0,0.000000000E0
4.230971423E1,-1.193217500E1,-7.707740500E1,9.457559939E1,9.625305533E-1,1.584199982E2,2.799999952E0,0.000000000E0
4.330969777E1,-1.193218500E1,-7.707740167E1,9.457560979E1,9.980463982E-1,1.600000000E2,2.799999952E0,0.000000000E0
4.430976046E1,-1.193219333E1,-7.707739500E1,9.457557520E1,9.692219496E-1,1.555399933E2,2.799999952E0,0.000000000E0
4.531172085E1,-1.193220000E1,-7.707739333E1,9.457558832E1,9.440005422E-1,1.588800049E2,2.799999952E0,0.000000000E0
4.631033323E1,-1.193221167E1,-7.707738333E1,9.457553248E1,1.174081445E0,1.528099976E2,2.799999952E0,0.000000000E0
4.730984162E1,-1.193222000E1,-7.707738333E1,9.447557204E1,1.075769424E0,1.566399994E2,2.799999952E0,0.000000000E0
4.830992416E1,-1.193222667E1,-7.707738000E1,9.447556662E1,1.028414965E0,1.561399994E2,2.799999952E0,0.000000000E0
4.931453670E1,-1.193223667E1,-7.707737667E1,9.447557702E1,1.049518585E0,1.594100037E2,2.799999952E0,0.000000000E0
5.031218300E1,-1.193224167E1,-7.707737667E1,9.447560075E1,9.357650280E-1,1.593099976E2,2.700000048E0,0.000000000E0
5.131151493E1,-1.193225000E1,-7.707737167E1,9.437558471E1,9.954727888E-1,1.607500000E2,2.799999952E0,0.000000000E0
5.230992546E1,-1.193225833E1,-7.707736833E1,9.437558719E1,1.021208882E0,1.595700073E2,2.799999952E0,0.000000000E0
5.331895039E1,-1.193226500E1,-7.707736667E1,9.437560031E1,1.004223108E0,1.603800049E2,2.799999952E0,0.000000000E0
5.431202200E1,-1.193227333E1,-7.707736333E1,9.427560279E1,9.898108244E-1,1.592500000E2,2.799999952E0,0.000000000E0
5.530620370E1,-1.193228167E1,-7.707736167E1,9.427562382E1,9.753986001E-1,1.586100006E2,2.799999952E0,0.000000000E0
5.631634277E1,-1.193229167E1,-7.707736167E1,9.427567129E1,1.056724668E0,1.629900055E2,2.799999952E0,0.000000000E0
5.731203462E1,-1.193230167E1,-7.707735833E1,9.417568169E1,1.024811983E0,1.607700043E2,2.799999952E0,0.000000000E0
5.831000946E1,-1.193231167E1,-7.707735833E1,9.417572917E1,1.007826090E0,1.638399963E2,2.799999952E0,0.000000000E0
5.931680031E1,-1.193232167E1,-7.707735667E1,9.417575810E1,1.021723628E0,1.610700073E2,2.700000048E0,0.000000000E0
6.031316462E1,-1.193233167E1,-7.707735500E1,9.407578704E1,1.041283011E0,1.617700043E2,2.700000048E0,0.000000000E0
6.130979793E1,-1.193234000E1,-7.707735333E1,9.407580806E1,1.011429191E0,1.632899933E2,2.700000048E0,0.000000000E0
6.231002416E1,-1.193234833E1,-7.707735333E1,9.407584762E1,9.326766729E-1,1.663699951E2,2.700000048E0,0.000000000E0
6.331140785E1,-1.193235667E1,-7.707734833E1,9.397583158E1,1.009370327E0,1.603699951E2,2.700000048E0,0.000000000E0
6.430981185E1,-1.193236500E1,-7.707734333E1,9.397581553E1,1.004737735E0,1.590399933E2,2.700000048E0,0.000000000E0
6.530996570E1,-1.193237500E1,-7.707734167E1,9.397584446E1,1.065989733E0,1.603099976E2,2.700000048E0,0.000000000E0
6.631478839E1,-1.193238333E1,-7.707734000E1,9.387586549E1,1.047974467E0,1.631000061E2,2.700000048E0,0.000000000E0
6.730982924E1,-1.193239167E1,-7.707733667E1,9.387586798E1,1.026356101E0,1.627799988E2,2.700000048E0,0.000000000E0
6.830541408E1,-1.193240000E1,-7.707733167E1,9.387585193E1,1.041797757E0,1.628099976E2,2.700000048E0,0.000000000E0
6.930779447E1,-1.193240833E1,-7.707732833E1,9.377585442E1,9.568685889E-1,1.641100006E2,2.700000048E0,0.000000000E0
7.030899162E1,-1.193241833E1,-7.707732500E1,9.377586482E1,1.065989733E0,1.651399994E2,2.700000048E0,0.000000000E0
7.131359947E1,-1.193243000E1,-7.707731833E1,9.367584605E1,1.185920000E0,1.622899933E2,2.700000048E0,0.000000000E0
7.231210847E1,-1.193243667E1,-7.707731167E1,9.367580356E1,1.121065021E0,1.589799957E2,2.700000048E0,0.000000000E0
7.330959985E1,-1.193244500E1,-7.707730667E1,9.357578751E1,1.113344193E0,1.593200073E2,2.700000048E0,0.000000000E0
7.430971354E1,-1.193245667E1,-7.707730167E1,9.357578728E1,1.124668002E0,1.599700012E2,2.700000048E0,0.000000000E0
7.531191716E1,-1.193246500E1,-7.707729667E1,9.357577123E1,1.060327768E0,1.591600037E2,2.799999952E0,0.000000000E0
7.631397031E1,-1.193247500E1,-7.707729167E1,9.347576310E1,1.166875243E0,1.556799927E2,2.799999952E0,0.000000000E0
7.731228508E1,-1.193248167E1,-7.707729167E1,9.337579475E1,1.017091155E0,1.634900055E2,2.799999952E0,0.000000000E0
7.831490224E1,-1.193248667E1,-7.707728667E1,9.337576287E1,9.470888972E-1,1.596900024E2,2.799999952E0,0.000000000E0
7.930974385E1,-1.193248833E1,-7.707728167E1,9.327571517E1,7.545827627E-1,1.549400024E2,2.799999952E0,0.000000000E0
8.030980131E1,-1.193248500E1,-7.707727167E1,9.327558813E1,6.372261047E-1,1.327899933E2,2.799999952E0,0.000000000E0
8.131638931E1,-1.193247833E1,-7.707725667E1,9.317538965E1,7.190669179E-1,9.901000214E1,2.799999952E0,0.000000000E0
8.230575547E1,-1.193247167E1,-7.707725167E1,9.317530239E1,6.861247420E-1,7.777999878E1,2.799999952E0,0.000000000E0
8.330978354E1,-1.193246833E1,-7.707724500E1,9.307521242E1,6.516383290E-1,7.387000275E1,2.799999952E0,0.000000000E0
8.430983547E1,-1.193246500E1,-7.707723167E1,9.307504830E1,8.513505459E-1,7.144999695E1,2.700000048E0,0.000000000E0
8.531112047E1,-1.193246000E1,-7.707722000E1,9.307489481E1,9.800311327E-1,6.783000183E1,2.700000048E0,0.000000000E0
8.631095947E1,-1.193245500E1,-7.707720500E1,9.297470424E1,1.130844712E0,6.890000153E1,2.700000048E0,0.000000000E0
8.731220308E1,-1.193245000E1,-7.707719500E1,9.297456928E1,1.067533851E0,6.708000183E1,2.599999905E0,0.000000000E0
8.830995593E1,-1.193244500E1,-7.707718500E1,9.287443432E1,1.084004998E0,6.675000000E1,2.599999905E0,0.000000000E0
8.931002562E1,-1.193244167E1,-7.707717833E1,9.287434435E1,1.046430230E0,6.491999817E1,2.700000048E0,0.000000000E0
9.030974970E1,-1.193243833E1,-7.707717167E1,9.277425438E1,9.697366953E-1,6.884999847E1,2.599999905E0,0.000000000E0
9.130997985E1,-1.193243500E1,-7.707716500E1,9.277416441E1,9.393680692E-1,7.058000183E1,2.700000048E0,0.000000000E0
9.231004831E1,-1.193243333E1,-7.707715667E1,9.277406381E1,9.609863758E-1,7.369999695E1,2.599999905E0,0.000000000E0
9.331212131E1,-1.193242833E1,-7.707714833E1,9.267394739E1,9.697366953E-1,7.066999817E1,2.599999905E0,0.000000000E0
9.431473654E1,-1.193242333E1,-7.707713667E1,9.267379390E1,1.099961400E0,6.794000244E1,2.599999905E0,0.000000000E0
9.531227439E1,-1.193241833E1,-7.707713000E1,9.267369601E1,1.063930869E0,7.059999847E1,2.599999905E0,0.000000000E0
9.631368332E1,-1.193241667E1,-7.707712000E1,9.257357688E1,1.069592834E0,7.751000214E1,2.599999905E0,0.000000000E0
9.731191462E1,-1.193241167E1,-7.707711333E1,9.257347900E1,1.065474987E0,7.166000366E1,2.599999905E0,0.000000000E0
9.830976416E1,-1.193241000E1,-7.707710500E1,9.257337840E1,1.026870847E0,7.405999756E1,2.599999905E0,0.000000000E0
9.931226508E1,-1.193240500E1,-7.707709667E1,9.247326198E1,1.083490252E0,6.961000061E1,2.599999905E0,0.000000000E0
1.003098531E2,-1.193240000E1,-7.707709000E1,9.247316410E1,1.100476146E0,6.591999817E1,2.500000000E0,0.000000000E0
1.013095678E2,-1.193239500E1,-7.707708167E1,9.237304768E1,1.096358299E0,6.519999695E1,2.500000000E0,0.000000000E0
1.023096465E2,-1.193239000E1,-7.707707333E1,9.237293126E1,1.101505518E0,6.594999695E1,2.500000000E0,0.000000000E0
1.033099212E2,-1.193238667E1,-7.707706667E1,9.237284128E1,1.020179391E0,6.498000336E1,2.500000000E0,0.000000000E0
1.043098235E2,-1.193238167E1,-7.707706167E1,9.227276194E1,9.923844337E-1,6.261000061E1,2.500000000E0,0.000000000E0
1.053148455E2,-1.193237833E1,-7.707705333E1,9.217265343E1,9.954727888E-1,6.483999634E1,2.599999905E0,0.000000000E0
1.063112926E2,-1.193237500E1,-7.707704167E1,9.217250785E1,1.189008355E0,6.708999634E1,2.500000000E0,0.000000000E0
1.073099918E2,-1.193237333E1,-7.707703500E1,9.207242579E1,1.044886112E0,7.251999664E1,2.599999905E0,0.000000000E0
1.083179790E2,-1.193237000E1,-7.707703000E1,9.197235435E1,9.666483402E-1,6.801000214E1,2.599999905E0,0.000000000E0
1.093123375E2,-1.193236833E1,-7.707702000E1,9.197223522E1,9.501771927E-1,7.205999756E1,2.599999905E0,0.000000000E0
1.103101012E2,-1.193237167E1,-7.707701000E1,9.187213982E1,9.542949796E-1,8.288999939E1,2.599999905E0,0.000000000E0
1.113122790E2,-1.193237000E1,-7.707700000E1,9.177202069E1,9.934138656E-1,8.418000031E1,2.599999905E0,0.000000000E0
1.123098587E2,-1.193237000E1,-7.707699167E1,9.177192801E1,9.527508616E-1,8.469999695E1,2.599999905E0,0.000000000E0
1.133163480E2,-1.193236667E1,-7.707698333E1,9.167181950E1,9.578980803E-1,7.918000031E1,2.599999905E0,0.000000000E0
1.143099980E2,-1.193236167E1,-7.707697667E1,9.147172161E1,8.925283551E-1,7.522000122E1,2.500000000E0,0.000000000E0
1.153084085E2,-1.193236000E1,-7.707696500E1,9.137158394E1,8.873811364E-1,8.225000000E1,2.500000000E0,0.000000000E0
1.163138575E2,-1.193235833E1,-7.707695500E1,9.127146481E1,9.620158076E-1,7.637999725E1,2.500000000E0,0.000000000E0
1.173173956E2,-1.193235500E1,-7.707695000E1,9.127139338E1,8.312764168E-1,7.705999756E1,2.500000000E0,0.000000000E0
1.183129424E2,-1.193235333E1,-7.707694000E1,9.117127424E1,8.776013851E-1,7.888999939E1,2.500000000E0,0.000000000E0
1.193099416E2,-1.193235333E1,-7.707693333E1,9.117120010E1,8.178936243E-1,8.088999939E1,2.500000000E0,0.000000000E0
1.203096823E2,-1.193235000E1,-7.707692500E1,9.107109159E1,8.853222132E-1,7.572000122E1,2.599999905E0,0.000000000E0
1.213097956E2,-1.193234667E1,-7.707691833E1,9.107100162E1,8.626744151E-1,7.266999817E1,2.599999905E0,0.000000000E0
1.223097278E2,-1.193234333E1,-7.707690500E1,9.097083750E1,1.042312503E0,7.304000092E1,2.599999905E0,0.000000000E0
1.233115210E2,-1.193234167E1,-7.707689667E1,9.097073690E1,9.995905757E-1,7.504000092E1,2.599999905E0,0.000000000E0
1.243165730E2,-1.193233833E1,-7.707688833E1,9.097062839E1,9.635599852E-1,7.466999817E1,2.599999905E0,0.000000000E0
1.253124259E2,-1.193233333E1,-7.707688167E1,9.087053051E1,9.856930375E-1,6.655999756E1,2.599999905E0,0.000000000E0
1.263112330E2,-1.193233333E1,-7.707687500E1,9.087045636E1,9.012786150E-1,7.002999878E1,2.599999905E0,0.000000000E0
1.273100096E2,-1.193233000E1,-7.707686833E1,9.077036639E1,8.498063684E-1,6.544999695E1,2.599999905E0,0.000000000E0
1.283097895E2,-1.193233000E1,-7.707685500E1,9.077021810E1,9.666483402E-1,7.426000214E1,2.500000000E0,0.000000000E0
1.293140338E2,-1.193232667E1,-7.707684667E1,9.077010959E1,1.018635273E0,7.038999939E1,2.599999905E0,0.000000000E0
1.303097822E2,-1.193232500E1,-7.707683500E1,9.076997192E1,1.069592834E0,7.381999969E1,2.599999905E0,0.000000000E0
1.313098616E2,-1.193232167E1,-7.707682833E1,9.076988195E1,9.218674898E-1,7.391999817E1,2.599999905E0,0.000000000E0
1.323097140E2,-1.193231833E1,-7.707682000E1,9.066977344E1,9.604716897E-1,7.423000336E1,2.599999905E0,0.000000000E0
1.333097961E2,-1.193231667E1,-7.707680500E1,9.066959870E1,1.051577449E0,7.926000214E1,2.599999905E0,0.000000000E0
1.343097192E2,-1.193231500E1,-7.707679500E1,9.066947956E1,1.070622206E0,7.912999725E1,2.599999905E0,0.000000000E0
1.353173041E2,-1.193231167E1,-7.707678500E1,9.056935252E1,1.030988574E0,7.815000153E1,2.599999905E0,0.000000000E0
1.363126987E2,-1.193231000E1,-7.707677333E1,9.056921485E1,1.083490252E0,7.880999756E1,2.599999905E0,0.000000000E0
1.373177497E2,-1.193230833E1,-7.707676000E1,9.046905864E1,1.167389989E0,7.912000275E1,2.700000048E0,0.000000000E0
1.383131844E2,-1.193230833E1,-7.707674833E1,9.036892888E1,1.143198013E0,8.555999756E1,2.700000048E0,0.000000000E0
1.393054705E2,-1.193230667E1,-7.707674000E1,9.036882829E1,1.058783650E0,8.230999756E1,2.700000048E0,0.000000000E0
1.403184291E2,-1.193230500E1,-7.707673333E1,9.036874623E1,1.017605782E0,8.673000336E1,2.799999952E0,0.000000000E0
1.413137769E2,-1.193230333E1,-7.707672333E1,9.026862709E1,1.014517546E0,8.506999969E1,2.799999952E0,0.000000000E0
1.423130335E2,-1.193230167E1,-7.707671333E1,9.026850796E1,1.013488054E0,8.018000031E1,2.799999952E0,0.000000000E0
1.433121322E2,-1.193229833E1,-7.707669833E1,9.016832531E1,1.113344193E0,7.893000031E1,2.799999952E0,0.000000000E0
1.443099613E2,-1.193229333E1,-7.707668667E1,9.016817181E1,1.188493609E0,7.501999664E1,2.799999952E0,0.000000000E0
1.453097258E2,-1.193229000E1,-7.707668167E1,9.006810038E1,0.000000000E0,7.473999786E1,2.900000095E0,0.000000000E0
1.463112242E2,-1.193228667E1,-7.707667000E1,9.006795479E1,0.000000000E0,7.436000061E1,2.900000095E0,0.000000000E0
1.473122948E2,-1.193228333E1,-7.707666000E1,8.996782775E1,0.000000000E0,7.244999695E1,2.900000095E0,0.000000000E0
1.483099267E2,-1.193227833E1,-7.707665000E1,8.996769279E1,1.123123884E0,7.233000183E1,3.000000000E0,0.000000000E0
1.493100966E2,-1.193227333E1,-7.707664333E1,8.986759491E1,1.092240572E0,6.633000183E1,3.000000000E0,0.000000000E0
1.503099595E2,-1.193227333E1,-7.707663333E1,8.986748369E1,1.052092195E0,7.052999878E1,3.000000000E0,0.000000000E0
1.513100065E2,-1.193227167E1,-7.707662333E1,8.976736455E1,1.030473948E0,7.016000366E1,2.900000095E0,0.000000000E0
1.523097557E2,-1.193227000E1,-7.707661833E1,8.976730103E1,9.589275122E-1,6.966000366E1,2.900000095E0,0.000000000E0
1.533104413E2,-1.193226833E1,-7.707660833E1,8.966718190E1,9.738544226E-1,7.004000092E1,2.900000095E0,0.000000000E0
1.543168365E2,-1.193226667E1,-7.707660167E1,8.966709984E1,9.506919384E-1,6.984999847E1,2.900000095E0,0.000000000E0
1.553108849E2,-1.193226333E1,-7.707659500E1,8.966700987E1,9.717955589E-1,6.433000183E1,3.000000000E0,0.000000000E0
1.563089719E2,-1.193226333E1,-7.707658667E1,8.956691718E1,9.321619272E-1,7.448999786E1,3.000000000E0,0.000000000E0
1.573165555E2,-1.193226167E1,-7.707657833E1,8.956681659E1,9.388533235E-1,7.425000000E1,3.000000000E0,0.000000000E0
1.583112265E2,-1.193225667E1,-7.707657333E1,8.946673724E1,9.033374786E-1,6.856999969E1,3.000000000E0,0.000000000E0
1.593127002E2,-1.193225333E1,-7.707656833E1,8.946666580E1,8.981902599E-1,6.656999969E1,3.000000000E0,0.000000000E0
1.603087714E2,-1.193225167E1,-7.707655833E1,8.936654667E1,9.419416785E-1,6.723000336E1,3.000000000E0,0.000000000E0
1.613090010E2,-1.193225000E1,-7.707654833E1,8.936642754E1,9.326766729E-1,7.412999725E1,3.099999905E0,0.000000000E0
1.623087583E2,-1.193224667E1,-7.707654167E1,8.936633757E1,0.000000000E0,7.458999634E1,3.099999905E0,0.000000000E0
1.633087451E2,-1.193224333E1,-7.707653333E1,8.936622906E1,0.000000000E0,7.356999969E1,3.099999905E0,0.000000000E0
1.643087459E2,-1.193224167E1,-7.707652500E1,8.926612846E1,8.889252543E-1,7.490000153E1,3.099999905E0,0.000000000E0
1.653105597E2,-1.193223833E1,-7.707651667E1,8.926601995E1,9.151760936E-1,7.405999756E1,3.099999905E0,0.000000000E0
1.663104760E2,-1.193223667E1,-7.707650333E1,8.916586375E1,1.070622206E0,7.513999939E1,3.099999905E0,0.000000000E0
1.673085851E2,-1.193223500E1,-7.707649167E1,8.916572608E1,0.000000000E0,7.572000122E1,3.099999905E0,0.000000000E0
1.683135410E2,-1.193223333E1,-7.707648000E1,8.906558841E1,1.010914445E0,7.766999817E1,3.099999905E0,0.000000000E0
1.693106705E2,-1.193223500E1,-7.707646833E1,8.906546656E1,0.000000000E0,8.445999908E1,3.099999905E0,0.000000000E0
1.703086514E2,-1.193223167E1,-7.707645667E1,8.906532098E1,1.044886112E0,8.098000336E1,3.099999905E0,0.000000000E0
1.713104359E2,-1.193223000E1,-7.707644833E1,8.906522038E1,1.021723628E0,7.933999634E1,3.000000000E0,0.000000000E0
1.723089751E2,-1.193222500E1,-7.707644000E1,8.906510396E1,9.995905757E-1,7.350000000E1,3.000000000E0,0.000000000E0
1.733167905E2,-1.193222500E1,-7.707642500E1,8.906493713E1,1.013488054E0,7.875000000E1,2.900000095E0,0.000000000E0
1.743114282E2,-1.193222500E1,-7.707641333E1,8.906480737E1,1.032532811E0,7.994999695E1,2.900000095E0,0.000000000E0
1.753089194E2,-1.193222500E1,-7.707639667E1,8.896462201E1,1.147315860E0,8.315000153E1,2.900000095E0,0.000000000E0
1.763167581E2,-1.193222667E1,-7.707638333E1,8.896448163E1,1.134447813E0,8.476000214E1,2.900000095E0,0.000000000E0
1.773104979E2,-1.193222500E1,-7.707637167E1,8.896434396E1,1.102020264E0,8.166999817E1,2.799999952E0,0.000000000E0
1.783125232E2,-1.193222333E1,-7.707635833E1,8.886418775E1,1.061357260E0,8.087999725E1,2.799999952E0,0.000000000E0
1.793113965E2,-1.193222500E1,-7.707634833E1,8.886408444E1,1.084004998E0,8.048000336E1,2.799999952E0,0.000000000E0
1.803089596E2,-1.193222833E1,-7.707634000E1,8.896400758E1,1.026870847E0,8.102999878E1,2.799999952E0,0.000000000E0
1.813169769E2,-1.193223000E1,-7.707633167E1,8.906392281E1,9.702513814E-1,7.925000000E1,2.799999952E0,0.000000000E0
1.823115947E2,-1.193223500E1,-7.707632500E1,8.916387240E1,8.117169738E-1,8.865000153E1,2.700000048E0,0.000000000E0
1.833128826E2,-1.193223667E1,-7.707632000E1,8.916382470E1,7.401705384E-1,9.061000061E1,2.700000048E0,0.000000000E0
1.843172539E2,-1.193223667E1,-7.707631000E1,8.926371348E1,7.962752581E-1,7.926999664E1,2.700000048E0,0.000000000E0
1.853111736E2,-1.193223667E1,-7.707630500E1,8.916365787E1,6.480352879E-1,7.579000092E1,2.700000048E0,0.000000000E0
1.863165282E2,-1.193223500E1,-7.707629833E1,8.916357581E1,6.737713814E-1,7.412000275E1,2.700000048E0,0.000000000E0
1.873089340E2,-1.193223333E1,-7.707630000E1,8.916358644E1,4.436905682E-1,4.661999893E1,2.599999905E0,0.000000000E0
1.883088978E2,-1.193222833E1,-7.707628333E1,8.926337733E1,5.749447346E-1,4.768999863E1,2.599999905E0,0.000000000E0
1.893106020E2,-1.193222167E1,-7.707627167E1,8.936321592E1,6.619327664E-1,4.515999985E1,2.500000000E0,0.000000000E0
1.903089022E2,-1.193221500E1,-7.707626500E1,8.936311013E1,6.377408504E-1,3.213999939E1,2.500000000E0,0.000000000E0
1.913091226E2,-1.193220333E1,-7.707626000E1,8.946299913E1,8.055402637E-1,2.264999962E1,2.500000000E0,0.000000000E0
1.923088402E2,-1.193219667E1,-7.707625500E1,8.946291187E1,7.880397439E-1,1.527999973E1,2.500000000E0,0.000000000E0
1.933048051E2,-1.193218667E1,-7.707625167E1,8.956282732E1,8.467180729E-1,1.430000019E1,2.500000000E0,0.000000000E0
1.943087892E2,-1.193217833E1,-7.707624833E1,8.956275069E1,8.528947234E-1,1.368000031E1,2.500000000E0,0.000000000E0
1.953164716E2,-1.193217167E1,-7.707624667E1,8.956270050E1,8.307616711E-1,9.909999847E0,2.500000000E0,0.000000000E0
1.963092813E2,-1.193216333E1,-7.707624667E1,8.956266094E1,8.204672337E-1,3.560599976E2,2.500000000E0,0.000000000E0
1.973165419E2,-1.193215500E1,-7.707624833E1,8.966263991E1,8.462033272E-1,3.542099915E2,2.500000000E0,0.000000000E0
1.983112908E2,-1.193214833E1,-7.707624500E1,8.956257119E1,8.513505459E-1,2.450000048E0,2.500000000E0,0.000000000E0
1.993176382E2,-1.193214000E1,-7.707624333E1,8.956251309E1,8.755425215E-1,2.769999981E0,2.500000000E0,0.000000000E0
2.003114247E2,-1.193213000E1,-7.707624333E1,8.966246562E1,9.301030636E-1,2.930000067E0,2.500000000E0,0.000000000E0
2.013147244E2,-1.193212000E1,-7.707624500E1,8.966243668E1,9.923844337E-1,3.593200073E2,2.599999905E0,0.000000000E0
2.023066770E2,-1.193211333E1,-7.707624333E1,8.966238649E1,9.517213702E-1,5.000000075E-2,2.599999905E0,0.000000000E0
2.033079410E2,-1.193210333E1,-7.707624167E1,8.976232048E1,9.856930375E-1,1.679999948E0,2.599999905E0,0.000000000E0
2.043090639E2,-1.193209667E1,-7.707623833E1,8.976225176E1,9.424563646E-1,5.760000229E0,2.599999905E0,0.000000000E0
2.053175524E2,-1.193209000E1,-7.707624333E1,8.976227572E1,9.187791944E-1,3.556099854E2,2.700000048E0,0.000000000E0
2.063120777E2,-1.193208000E1,-7.707624500E1,8.976224678E1,9.630452991E-1,3.538999939E2,2.700000048E0,0.000000000E0
2.073105132E2,-1.193207000E1,-7.707624667E1,8.976221785E1,9.908402562E-1,3.531499939E2,2.700000048E0,0.000000000E0
2.083088781E2,-1.193205833E1,-7.707624833E1,8.976218100E1,1.043856621E0,3.532699890E2,2.700000048E0,0.000000000E0
2.093090341E2,-1.193205333E1,-7.707624833E1,8.986215726E1,9.784869552E-1,3.512600098E2,2.700000048E0,0.000000000E0
2.103069965E2,-1.193204500E1,-7.707625167E1,8.976215477E1,9.702513814E-1,3.487900085E2,2.700000048E0,0.000000000E0
2.113077148E2,-1.193204000E1,-7.707625500E1,8.976216811E1,8.667922020E-1,3.455000000E2,2.700000048E0,0.000000000E0
2.123112250E2,-1.193203000E1,-7.707625500E1,8.976212063E1,8.781161308E-1,3.509200134E2,2.700000048E0,0.000000000E0
2.133109006E2,-1.193202000E1,-7.707625833E1,8.966211023E1,9.033374786E-1,3.466099854E2,2.700000048E0,0.000000000E0
2.143089169E2,-1.193200833E1,-7.707625667E1,8.956203631E1,9.944433570E-1,3.557500000E2,2.700000048E0,0.000000000E0
2.153091346E2,-1.193199833E1,-7.707625667E1,8.956198883E1,9.748839140E-1,3.585000000E2,2.599999905E0,0.000000000E0
2.163181312E2,-1.193198667E1,-7.707625333E1,8.966189637E1,1.072681069E0,4.000000000E0,2.599999905E0,0.000000000E0
2.173088772E2,-1.193197667E1,-7.707625000E1,8.956181183E1,9.846636057E-1,7.440000057E0,2.599999905E0,0.000000000E0
2.183089184E2,-1.193196667E1,-7.707625167E1,8.956178289E1,9.851783514E-1,4.400000095E0,2.599999905E0,0.000000000E0
2.193109996E2,-1.193195667E1,-7.707625167E1,8.956173542E1,1.014517546E0,1.610000014E0,2.599999905E0,0.000000000E0
2.203089732E2,-1.193194500E1,-7.707625333E1,8.956169857E1,1.021208882E0,3.567000122E2,2.599999905E0,0.000000000E0
2.213113443E2,-1.193193333E1,-7.707625667E1,8.966168025E1,1.040768385E0,3.549200134E2,2.599999905E0,0.000000000E0
2.223110446E2,-1.193192500E1,-7.707625833E1,8.966165923E1,1.012973309E0,3.517699890E2,2.599999905E0,0.000000000E0
2.233089286E2,-1.193191333E1,-7.707625667E1,8.976158530E1,1.053121686E0,3.568699951E2,2.599999905E0,0.000000000E0
2.243088690E2,-1.193190167E1,-7.707625500E1,8.976151138E1,1.026356101E0,2.319999933E0,2.599999905E0,0.000000000E0
2.253169295E2,-1.193189167E1,-7.707625667E1,8.976148244E1,9.656189084E-1,3.591199951E2,2.599999905E0,0.000000000E0
2.263100612E2,-1.193188167E1,-7.707626167E1,8.966149058E1,9.537802935E-1,3.500100098E2,2.599999905E0,0.000000000E0
2.273084579E2,-1.193187000E1,-7.707626333E1,8.976145373E1,1.013488054E0,3.501300049E2,2.599999905E0,0.000000000E0
2.283076956E2,-1.193186000E1,-7.707626500E1,8.976142479E1,1.009370327E0,3.525199890E2,2.599999905E0,0.000000000E0
2.293111612E2,-1.193185000E1,-7.707626500E1,8.986137732E1,1.031503320E0,3.532799988E2,2.700000048E0,0.000000000E0
2.303091058E2,-1.193183833E1,-7.707626333E1,8.976130339E1,1.078857780E0,3.584299927E2,2.700000048E0,0.000000000E0
2.313138745E2,-1.193183000E1,-7.707626333E1,8.986126383E1,1.058783650E0,3.584700012E2,2.700000048E0,0.000000000E0
2.323091029E2,-1.193182000E1,-7.707626500E1,8.986123489E1,1.006796718E0,3.529500122E2,2.700000048E0,0.000000000E0
2.333132881E2,-1.193181000E1,-7.707626667E1,8.996120596E1,1.036135793E0,3.485299988E2,2.700000048E0,0.000000000E0
2.343113355E2,-1.193180000E1,-7.707626833E1,9.006117702E1,1.059813023E0,3.496300049E2,2.799999952E0,0.000000000E0
2.353090842E2,-1.193179000E1,-7.707627167E1,9.016116662E1,1.061871886E0,3.471099854E2,2.799999952E0,0.000000000E0
2.363072236E2,-1.193178000E1,-7.707627333E1,9.036113768E1,1.037680030E0,3.487099915E2,2.799999952E0,0.000000000E0
2.373098039E2,-1.193177000E1,-7.707627333E1,9.046109021E1,1.023782492E0,3.514800110E2,2.799999952E0,0.000000000E0
2.383088290E2,-1.193176167E1,-7.707627167E1,9.056103211E1,9.517213702E-1,3.555299988E2,2.799999952E0,0.000000000E0
2.393090586E2,-1.193175667E1,-7.707627500E1,9.066104545E1,8.750277758E-1,3.516900024E2,2.799999952E0,0.000000000E0
2.403089232E2,-1.193174667E1,-7.707627500E1,9.066099797E1,9.218674898E-1,3.539700012E2,2.799999952E0,0.000000000E0
2.413089899E2,-1.193174667E1,-7.707628000E1,9.036105358E1,6.603885889E-1,3.495199890E2,2.799999952E0,0.000000000E0
2.423089371E2,-1.193174500E1,-7.707628333E1,9.056108274E1,5.239872336E-1,3.400199890E2,2.700000048E0,0.000000000E0
2.433132374E2,-1.193174167E1,-7.707628833E1,9.066112253E1,4.683972299E-1,3.240599976E2,2.700000048E0,0.000000000E0
2.443089836E2,-1.193173500E1,-7.707629333E1,9.076114649E1,6.351672411E-1,3.224700012E2,2.700000048E0,0.000000000E0
2.453092408E2,-1.193172833E1,-7.707630167E1,9.096120752E1,6.845805645E-1,3.104500122E2,2.700000048E0,0.000000000E0
2.463112832E2,-1.193172667E1,-7.707630833E1,9.106127376E1,6.022250056E-1,3.011600037E2,2.700000048E0,0.000000000E0
2.473089265E2,-1.193172500E1,-7.707631167E1,9.096130292E1,5.651649833E-1,3.068599854E2,2.700000048E0,0.000000000E0
2.483090262E2,-1.193172000E1,-7.707632000E1,9.106137187E1,6.603885889E-1,3.004299927E2,2.700000048E0,0.000000000E0
2.493106014E2,-1.193171667E1,-7.707632667E1,9.106143019E1,6.531825066E-1,2.958099976E2,2.700000048E0,0.000000000E0
2.503090159E2,-1.193171667E1,-7.707633667E1,9.116154141E1,7.581858039E-1,2.828099976E2,2.700000048E0,0.000000000E0
2.513091365E2,-1.193171667E1,-7.707634500E1,9.116163410E1,7.834072113E-1,2.779100037E2,2.700000048E0,0.000000000E0
2.523135558E2,-1.193171333E1,-7.707635333E1,9.126171095E1,8.039960861E-1,2.814200134E2,2.799999952E0,0.000000000E0
2.533117575E2,-1.193171500E1,-7.707636167E1,9.126181155E1,7.931869626E-1,2.739899902E2,2.799999952E0,0.000000000E0
2.543153060E2,-1.193171667E1,-7.707637000E1,9.136191215E1,7.520091534E-1,2.685799866E2,2.799999952E0,0.000000000E0
2.553111342E2,-1.193171500E1,-7.707637833E1,9.136199692E1,8.096580505E-1,2.683699951E2,2.799999952E0,0.000000000E0
2.563097572E2,-1.193171333E1,-7.707638833E1,9.146210023E1,8.698805571E-1,2.728699951E2,2.799999952E0,0.000000000E0
2.573169142E2,-1.193171500E1,-7.707639667E1,9.156220082E1,9.023080468E-1,2.700499878E2,2.799999952E0,0.000000000E0
2.583112200E2,-1.193171167E1,-7.707640333E1,9.166225915E1,8.379677534E-1,2.752399902E2,2.799999952E0,0.000000000E0
2.593163466E2,-1.193171667E1,-7.707641167E1,9.176237557E1,8.271586299E-1,2.666300049E2,2.799999952E0,0.000000000E0
2.603110477E2,-1.193172000E1,-7.707642500E1,9.156253969E1,8.575271964E-1,2.667200012E2,2.799999952E0,0.000000000E0
2.613061618E2,-1.193172333E1,-7.707644000E1,9.146272234E1,1.046430230E0,2.632099915E2,2.799999952E0,0.000000000E0
2.623112153E2,-1.193173000E1,-7.707645667E1,9.126293936E1,1.156580806E0,2.605100098E2,2.799999952E0,0.000000000E0
2.633113738E2,-1.193173667E1,-7.707647000E1,9.106311931E1,1.144742250E0,2.570700073E2,2.799999952E0,0.000000000E0
2.643088552E2,-1.193174167E1,-7.707648000E1,9.096325426E1,1.087608099E0,2.550500031E2,2.799999952E0,0.000000000E0
2.653089370E2,-1.193174667E1,-7.707649000E1,9.086338922E1,1.051062822E0,2.503800049E2,2.799999952E0,0.000000000E0
2.663149140E2,-1.193174500E1,-7.707649667E1,9.086345546E1,9.450299740E-1,2.506000061E2,2.799999952E0,0.000000000E0
2.673127632E2,-1.193174333E1,-7.707650500E1,9.086354023E1,9.270147085E-1,2.547100067E2,2.799999952E0,0.000000000E0
2.683089299E2,-1.193174500E1,-7.707651167E1,9.086362229E1,9.254705310E-1,2.530200043E2,2.799999952E0,0.000000000E0
2.693092739E2,-1.193174167E1,-7.707652167E1,9.096371768E1,9.661335945E-1,2.595700073E2,2.799999952E0,0.000000000E0
2.703122512E2,-1.193174333E1,-7.707653000E1,9.096381828E1,9.589275122E-1,2.598900146E2,2.799999952E0,0.000000000E0
2.713154665E2,-1.193174500E1,-7.707654167E1,9.116395595E1,1.052092195E0,2.618399963E2,2.799999952E0,0.000000000E0
2.723088870E2,-1.193174667E1,-7.707655000E1,9.116405655E1,1.054151058E0,2.594700012E2,2.799999952E0,0.000000000E0
2.733146303E2,-1.193174833E1,-7.707656000E1,9.116417568E1,1.044886112E0,2.592399902E2,2.799999952E0,0.000000000E0
2.743111961E2,-1.193175333E1,-7.707657333E1,9.086434771E1,1.037680030E0,2.585299988E2,2.799999952E0,0.000000000E0
2.753091932E2,-1.193176333E1,-7.707658667E1,9.066454348E1,1.133933067E0,2.497100067E2,2.799999952E0,0.000000000E0
2.763120920E2,-1.193176667E1,-7.707660167E1,9.056472614E1,1.267246127E0,2.515899963E2,2.799999952E0,0.000000000E0
2.773077062E2,-1.193176667E1,-7.707661333E1,9.046485589E1,1.093269944E0,2.573999939E2,2.799999952E0,0.000000000E0
2.783090003E2,-1.193176833E1,-7.707662500E1,9.026499357E1,1.094814181E0,2.606400146E2,2.900000095E0,0.000000000E0
2.793137340E2,-1.193177000E1,-7.707663500E1,9.016511270E1,1.065474987E0,2.588800049E2,2.900000095E0,0.000000000E0
2.803089844E2,-1.193177333E1,-7.707664500E1,9.006523974E1,1.020179391E0,2.570100098E2,2.900000095E0,0.000000000E0
2.813093089E2,-1.193177333E1,-7.707665667E1,8.996536950E1,1.049518585E0,2.588500061E2,2.900000095E0,0.000000000E0
2.823088406E2,-1.193177500E1,-7.707666833E1,8.996550717E1,1.134962559E0,2.610599976E2,2.900000095E0,0.000000000E0
2.833089446E2,-1.193177667E1,-7.707668000E1,8.986564484E1,1.131874204E0,2.593800049E2,2.900000095E0,0.000000000E0
2.843083396E2,-1.193177667E1,-7.707669167E1,8.996577460E1,1.092240572E0,2.632300110E2,2.900000095E0,0.000000000E0
2.853106429E2,-1.193178000E1,-7.707670000E1,8.996588311E1,1.085034490E0,2.573800049E2,2.799999952E0,0.000000000E0
2.863093209E2,-1.193178167E1,-7.707671333E1,8.996603932E1,1.185920000E0,2.594299927E2,2.900000095E0,0.000000000E0
2.873089379E2,-1.193177833E1,-7.707672333E1,8.996613471E1,1.062901378E0,2.659899902E2,2.799999952E0,0.000000000E0
2.883127945E2,-1.193178000E1,-7.707673333E1,8.986625384E1,1.053636432E0,2.661700134E2,2.799999952E0,0.000000000E0
2.893111402E2,-1.193178333E1,-7.707674500E1,8.986639943E1,1.134447813E0,2.647500000E2,2.799999952E0,0.000000000E0
2.903091039E2,-1.193178167E1,-7.707675667E1,8.986652127E1,1.180258036E0,2.661099854E2,2.799999952E0,0.000000000E0
2.913105799E2,-1.193178167E1,-7.707677000E1,8.986666957E1,1.209082484E0,2.645299988E2,2.799999952E0,0.000000000E0
2.923090672E2,-1.193178500E1,-7.707678000E1,8.996679661E1,1.108196974E0,2.580199890E2,2.700000048E0,0.000000000E0
2.933089899E2,-1.193178500E1,-7.707678833E1,8.996688930E1,9.820899963E-1,2.611499939E2,2.700000048E0,0.000000000E0
2.943087896E2,-1.193178333E1,-7.707679500E1,8.996695553E1,8.786308169E-1,2.640199890E2,2.700000048E0,0.000000000E0
2.953091522E2,-1.193178167E1,-7.707680667E1,9.006707738E1,1.002678871E0,2.648900146E2,2.599999905E0,0.000000000E0
2.963136558E2,-1.193178333E1,-7.707681500E1,9.006717797E1,9.455447197E-1,2.643599854E2,2.599999905E0,0.000000000E0
2.973106449E2,-1.193178333E1,-7.707682333E1,9.006727066E1,8.606155515E-1,2.610799866E2,2.599999905E0,0.000000000E0
2.983089579E2,-1.193178500E1,-7.707683167E1,9.006737125E1,9.301030636E-1,2.599599915E2,2.700000048E0,0.000000000E0
2.993117439E2,-1.193178500E1,-7.707684333E1,9.006750101E1,1.048489213E0,2.628999939E2,2.700000048E0,0.000000000E0
3.003088683E2,-1.193178500E1,-7.707685500E1,9.006763077E1,1.098931909E0,2.637200012E2,2.700000048E0,0.000000000E0
3.013088941E2,-1.193178667E1,-7.707686333E1,8.996773137E1,1.029959202E0,2.622200012E2,2.700000048E0,0.000000000E0
3.023113907E2,-1.193178833E1,-7.707687333E1,8.996785050E1,1.041283011E0,2.642999878E2,2.700000048E0,0.000000000E0
3.033129961E2,-1.193178833E1,-7.707688167E1,8.986794318E1,1.019150019E0,2.655700073E2,2.700000048E0,0.000000000E0
3.043087835E2,-1.193178833E1,-7.707689000E1,8.976803587E1,9.985610843E-1,2.640499878E2,2.799999952E0,0.000000000E0
3.053091499E2,-1.193179167E1,-7.707690000E1,8.976816291E1,1.000105262E0,2.607300110E2,2.799999952E0,0.000000000E0
3.063153894E2,-1.193179667E1,-7.707691000E1,8.976829787E1,1.104079127E0,2.566099854E2,2.799999952E0,0.000000000E0
3.073091812E2,-1.193179500E1,-7.707691667E1,8.966836411E1,1.050548077E0,2.605000000E2,2.799999952E0,0.000000000E0
3.083089606E2,-1.193179667E1,-7.707692333E1,8.956844617E1,9.095141888E-1,2.590499878E2,2.799999952E0,0.000000000E0
3.093105617E2,-1.193180000E1,-7.707692667E1,8.956849906E1,7.782599926E-1,2.516900024E2,2.799999952E0,0.000000000E0
3.103090153E2,-1.193180500E1,-7.707693000E1,8.946855987E1,7.267878056E-1,2.404900055E2,2.700000048E0,0.000000000E0
3.113180825E2,-1.193180667E1,-7.707693833E1,8.946866047E1,7.900986075E-1,2.487100067E2,2.700000048E0,0.000000000E0
3.123109947E2,-1.193180833E1,-7.707694333E1,8.946872399E1,7.386263609E-1,2.534199982E2,2.700000048E0,0.000000000E0
3.133090113E2,-1.193181333E1,-7.707695167E1,8.946884041E1,8.647333384E-1,2.498200073E2,2.700000048E0,0.000000000E0
3.143090030E2,-1.193181667E1,-7.707696167E1,8.936896746E1,9.043669701E-1,2.519199982E2,2.700000048E0,0.000000000E0
3.153105417E2,-1.193181833E1,-7.707697167E1,8.936908659E1,9.378238916E-1,2.569299927E2,2.700000048E0,0.000000000E0
3.163101929E2,-1.193182167E1,-7.707698000E1,8.936919510E1,0.000000000E0,2.561199951E2,2.700000048E0,0.000000000E0
3.173089082E2,-1.193182833E1,-7.707699167E1,8.926935651E1,9.651041627E-1,2.511600037E2,2.700000048E0,0.000000000E0
3.183171946E2,-1.193183333E1,-7.707700333E1,8.916951000E1,1.039224148E0,2.521000061E2,2.700000048E0,0.000000000E0
3.193114814E2,-1.193184000E1,-7.707701333E1,8.906965287E1,1.073710561E0,2.509199982E2,2.799999952E0,0.000000000E0
3.203088739E2,-1.193184167E1,-7.707702333E1,8.906977201E1,9.862077832E-1,2.552500000E2,2.799999952E0,0.000000000E0
3.213111756E2,-1.193184500E1,-7.707703333E1,8.896989905E1,1.009884953E0,2.561700134E2,2.799999952E0,0.000000000E0
3.223090420E2,-1.193185000E1,-7.707704333E1,8.887003401E1,1.082975507E0,2.528899994E2,2.700000048E0,0.000000000E0
3.233088955E2,-1.193185333E1,-7.707705333E1,8.877016106E1,1.051062822E0,2.531300049E2,2.700000048E0,0.000000000E0
3.243112894E2,-1.193185500E1,-7.707706167E1,8.877026165E1,1.039738894E0,2.535500031E2,2.700000048E0,0.000000000E0
3.253090016E2,-1.193185833E1,-7.707707000E1,8.877037016E1,9.692219496E-1,2.499199982E2,2.700000048E0,0.000000000E0
3.263092617E2,-1.193186000E1,-7.707708167E1,8.877050783E1,1.027385592E0,2.552700043E2,2.700000048E0,0.000000000E0
3.273095734E2,-1.193186167E1,-7.707709167E1,8.877062696E1,1.076284170E0,2.587600098E2,2.599999905E0,0.000000000E0
3.283031970E2,-1.193186167E1,-7.707710167E1,8.877073818E1,1.089152217E0,2.628200073E2,2.599999905E0,0.000000000E0
3.293093562E2,-1.193186500E1,-7.707710833E1,8.867082816E1,1.068563342E0,2.583099976E2,2.599999905E0,0.000000000E0
3.303088637E2,-1.193186500E1,-7.707711500E1,8.857090230E1,9.270147085E-1,2.601799927E2,2.599999905E0,0.000000000E0
3.313089208E2,-1.193186667E1,-7.707712333E1,8.857100290E1,9.357650280E-1,2.587300110E2,2.500000000E0,0.000000000E0
3.323044102E2,-1.193186833E1,-7.707713167E1,8.857110350E1,9.851783514E-1,2.616199951E2,2.500000000E0,0.000000000E0
3.333149442E2,-1.193187333E1,-7.707714333E1,8.847125699E1,1.075769424E0,2.538699951E2,2.500000000E0,0.000000000E0
3.343087996E2,-1.193187833E1,-7.707715333E1,8.847139195E1,1.089152217E0,2.522500000E2,2.500000000E0,0.000000000E0
3.353129103E2,-1.193188500E1,-7.707716000E1,8.857149775E1,1.010914445E0,2.509299927E2,2.500000000E0,0.000000000E0
3.363145696E2,-1.193189000E1,-7.707717000E1,8.857163270E1,1.110770583E0,2.503899994E2,2.500000000E0,0.000000000E0
3.373088844E2,-1.193189333E1,-7.707717667E1,8.847172267E1,1.037165284E0,2.491300049E2,2.500000000E0,0.000000000E0
3.383089215E2,-1.193189500E1,-7.707718667E1,8.847184181E1,1.026870847E0,2.567799988E2,2.500000000E0,0.000000000E0
3.393106187E2,-1.193189833E1,-7.707719667E1,8.837196885E1,1.092240572E0,2.538000031E2,2.500000000E0,0.000000000E0
3.403090086E2,-1.193190167E1,-7.707720333E1,8.837205883E1,1.046944976E0,2.535099945E2,2.500000000E0,0.000000000E0
3.413092183E2,-1.193190500E1,-7.707721000E1,8.827214880E1,1.031503320E0,2.554700012E2,2.599999905E0,0.000000000E0
3.423124268E2,-1.193190500E1,-7.707722167E1,8.827227855E1,1.124668002E0,2.551000061E2,2.500000000E0,0.000000000E0
3.433090471E2,-1.193190667E1,-7.707723000E1,8.827237915E1,1.025326610E0,2.518600006E2,2.500000000E0,0.000000000E0
3.443087550E2,-1.193190667E1,-7.707724333E1,8.827252745E1,1.121579766E0,2.568900146E2,2.500000000E0,0.000000000E0
3.453104785E2,-1.193190667E1,-7.707725167E1,8.817262013E1,1.037680030E0,2.578800049E2,2.599999905E0,0.000000000E0
3.463093553E2,-1.193191000E1,-7.707725833E1,8.817271010E1,9.913550019E-1,2.529900055E2,2.599999905E0,0.000000000E0
3.473089815E2,-1.193191167E1,-7.707726333E1,8.807277362E1,8.698805571E-1,2.529900055E2,2.599999905E0,0.000000000E0
3.483089770E2,-1.193191333E1,-7.707727167E1,8.797287422E1,8.981902599E-1,2.479700012E2,2.599999905E0,0.000000000E0
3.493089661E2,-1.193191500E1,-7.707728333E1,8.787301189E1,9.671630263E-1,2.537400055E2,2.599999905E0,0.000000000E0
3.503091472E2,-1.193191333E1,-7.707729667E1,8.787315227E1,1.143198013E0,2.586499939E2,2.500000000E0,0.000000000E0
3.513111529E2,-1.193191667E1,-7.707730667E1,8.777327932E1,1.060327768E0,2.547899933E2,2.500000000E0,0.000000000E0
3.523088336E2,-1.193191833E1,-7.707731667E1,8.777339845E1,1.062901378E0,2.570100098E2,2.500000000E0,0.000000000E0
3.533111407E2,-1.193192500E1,-7.707733000E1,8.767357839E1,1.200332165E0,2.531900024E2,2.500000000E0,0.000000000E0
3.543112980E2,-1.193192833E1,-7.707734167E1,8.757372398E1,1.217832804E0,2.552400055E2,2.599999905E0,0.000000000E0
3.553089404E2,-1.193193333E1,-7.707735333E1,8.747387747E1,1.306365013E0,2.523600006E2,2.599999905E0,0.000000000E0
3.563092369E2,-1.193194000E1,-7.707736667E1,8.747405741E1,1.399014950E0,2.519900055E2,2.599999905E0,0.000000000E0
3.573112316E2,-1.193194500E1,-7.707737833E1,8.747421091E1,1.313571095E0,2.490500031E2,2.599999905E0,0.000000000E0
3.583088936E2,-1.193195000E1,-7.707738667E1,8.737432733E1,1.183861136E0,2.483399963E2,2.599999905E0,0.000000000E0
3.593090828E2,-1.193195167E1,-7.707739667E1,8.727444646E1,1.161728024E0,2.529400024E2,2.599999905E0,0.000000000E0
3.603087408E2,-1.193195500E1,-7.707740667E1,8.727457351E1,1.122094393E0,2.513500061E2,2.599999905E0,0.000000000E0
3.613088842E2,-1.193195833E1,-7.707741667E1,8.727470055E1,1.179228663E0,2.509299927E2,2.599999905E0,0.000000000E0
3.623109881E2,-1.193196167E1,-7.707742667E1,8.727482760E1,1.132903576E0,2.481199951E2,2.599999905E0,0.000000000E0
3.633111711E2,-1.193196500E1,-7.707743667E1,8.717495464E1,1.125697494E0,2.493999939E2,2.599999905E0,0.000000000E0
3.643090170E2,-1.193196667E1,-7.707744500E1,8.717505524E1,1.077828288E0,2.537100067E2,2.599999905E0,0.000000000E0
3.653129627E2,-1.193196333E1,-7.707745167E1,8.717511356E1,9.774575233E-1,2.619800110E2,2.599999905E0,0.000000000E0
3.663126078E2,-1.193196667E1,-7.707745833E1,8.717520353E1,9.074552655E-1,2.586400146E2,2.599999905E0,0.000000000E0
3.673150439E2,-1.193196833E1,-7.707746667E1,8.717530413E1,8.817191720E-1,2.573500061E2,2.599999905E0,0.000000000E0
3.683151849E2,-1.193197167E1,-7.707747667E1,8.717543118E1,1.007826090E0,2.534499969E2,2.599999905E0,0.000000000E0
3.693138840E2,-1.193197333E1,-7.707748167E1,8.707549470E1,9.362797141E-1,2.517899933E2,2.599999905E0,0.000000000E0
3.703155164E2,-1.193197833E1,-7.707748833E1,8.717559258E1,8.935577869E-1,2.477100067E2,2.599999905E0,0.000000000E0
3.713113622E2,-1.193198333E1,-7.707749167E1,8.717565339E1,7.782599926E-1,2.393999939E2,2.599999905E0,0.000000000E0
3.723112393E2,-1.193198333E1,-7.707749167E1,8.717565339E1,5.934747458E-1,2.453800049E2,2.599999905E0,0.000000000E0
